Get All Medic,28/05/2024 00:23:38
Delete Medic,28/05/2024 00:23:50
Get All Tratament,28/05/2024 00:23:59
Get All Medic,28/05/2024 00:25:34
Delete Ambulance,28/05/2024 00:27:12
Update Medic,28/05/2024 00:27:35
Get All Pacient,28/05/2024 00:27:45
Get All Paramedic,28/05/2024 00:27:53
Get All Tratament,28/05/2024 00:28:13
Get all Ambulance,28/05/2024 01:01:08
Get All Medic,28/05/2024 01:02:26
Get All Pacient,28/05/2024 01:02:38
Get All Tratament,28/05/2024 01:03:02
Add Ambulance,28/05/2024 01:10:40
Get all Ambulance,28/05/2024 01:10:55
Get All Pacient,28/05/2024 01:11:19
Add Pacient,28/05/2024 01:11:28
Get All Pacient,28/05/2024 01:11:32
Get All Paramedic,28/05/2024 01:11:40
Add Paramedic,28/05/2024 01:11:48
Get All Paramedic,28/05/2024 01:11:49
Get All Tratament,28/05/2024 01:12:07
Get All Medic,28/05/2024 17:29:58
Get All Pacient,28/05/2024 17:32:20
Get All Pacient,28/05/2024 17:32:41
Get All Medic,28/05/2024 17:37:34
Delete Medic,28/05/2024 17:37:49
Get All Medic,28/05/2024 17:37:52
Get all Ambulance,28/05/2024 17:38:01
Get All Paramedic,28/05/2024 17:38:10
Get All Tratament,28/05/2024 17:38:15
Get All Pacient,28/05/2024 17:38:20
Add Pacient,28/05/2024 17:38:49
Get All Pacient,28/05/2024 17:38:58
Get All Pacient,28/05/2024 17:39:07
Delete Pacient,28/05/2024 17:39:27
Delete Pacient,28/05/2024 17:39:35
Get All Pacient,28/05/2024 17:39:36
Add Pacient,28/05/2024 17:40:21
Add Pacient,28/05/2024 17:42:11
Get All Pacient,28/05/2024 17:42:14
Get All Pacient,28/05/2024 17:42:26
Get All Pacient,28/05/2024 17:42:37
Get All Pacient,28/05/2024 17:42:44
Get All Pacient,28/05/2024 17:42:49
Get all Ambulance,28/05/2024 17:51:47
Get all Ambulance,28/05/2024 18:06:02
Get all Ambulance,28/05/2024 18:06:14
Get all Ambulance,28/05/2024 18:06:18
Get All Medic,28/05/2024 18:06:30
Get All Medic,28/05/2024 18:06:45
Get All Paramedic,28/05/2024 18:06:58
Get All Tratament,28/05/2024 18:07:07
Get All Tratament,28/05/2024 18:07:15
Get All Tratament,28/05/2024 18:07:21
